Top queries,Clicks,Impressions,CTR,Position
niat,40669,111115,36.60%,1.42
niat college,4991,37110,13.45%,1.11
niat hyderabad,3320,25366,13.09%,1.27
niat india,2006,3277,61.21%,1.14
niat full form,1042,13570,7.68%,1.35
niat exam,876,5355,16.36%,1.6
nxtwave institute of advanced technologies,730,5562,13.12%,1.68
niat college chennai,606,6280,9.65%,1.06
niat bangalore,470,4451,10.56%,1.38
niat entrance exam,454,3033,14.97%,1.13
niatindia,422,953,44.28%,1.04
niat college in bangalore,419,5928,7.07%,1.34
niat entrance exam date 2026,380,2379,15.97%,1.16
niat nxtwave,372,1028,36.19%,1.15
niat website,360,739,48.71%,1.04
niat exam date,330,2114,15.61%,1.19
next wave institute of advanced technology,323,3859,8.37%,1.66
niat university,304,2164,14.05%,1.13
niat exam application,292,1406,20.77%,1.03
niat pune,287,2927,9.81%,1.2
niat registration,261,1080,24.17%,1.22
niat application,239,1300,18.38%,1.38
nait,232,5756,4.03%,5.81
niat exam date 2026,232,1116,20.79%,1.13
niat.india,230,391,58.82%,1.29
niat login,228,2049,11.13%,2.48
what is niat,225,2966,7.59%,1.48
niat exam syllabus,218,2317,9.41%,1.37
niat campus,215,762,28.22%,1.36
niat chennai,214,1276,16.77%,1.03
niat college hyderabad,205,2713,7.56%,1.31
www.niat india.com,201,294,68.37%,1
nxtwave institute of advanced technologies: niat,200,4300,4.65%,1.78
niat delhi,197,1750,11.26%,1.2
niat application form,189,856,22.08%,1.06
nxtwave institute of advanced technology,170,1194,14.24%,1.34
niat mock test,160,312,51.28%,1.07
niat official website,156,348,44.83%,1.01
niat fees,153,1718,8.91%,1.48
niat nat exam,146,1082,13.49%,2.19
niat nat exam date 2026,146,695,21.01%,1.06
niat engineering college,143,1308,10.93%,1.16
niat college fees,141,3802,3.71%,1.73
nxtwave,132,25504,0.52%,7.11
niat fee,130,1757,7.40%,1.48
niatindia.com,130,205,63.41%,1.41
niat vijayawada,126,1895,6.65%,1.3
nxtwave school of technology,124,278,44.60%,1.21
niat fee structure,123,1542,7.98%,1.8
nextwave institute of advanced technology,120,886,13.54%,1.14
nait india,115,514,22.37%,2.11
niatindia. com,114,161,70.81%,1
niat india.com,112,172,65.12%,1
niat highest package,110,3219,3.42%,1.37
niat collaborated colleges,108,296,36.49%,1.04
niat application form 2026,106,239,44.35%,1.01
niat curriculum,105,222,47.30%,2.27
nat exam,100,6709,1.49%,3.03
niat campuses in india,95,808,11.76%,1.32
nextwave institute of advanced technologies,92,463,19.87%,1.72
next wave institute of technology,90,890,10.11%,1.56
niat noida,90,622,14.47%,1.21
niat hyderabad fee,85,1729,4.92%,1.67
niat placements,82,903,9.08%,1.48
niat jaipur,81,1381,5.87%,1.36
niat college entrance exam,80,600,13.33%,1.03
niat college chennai location,78,1051,7.42%,1.17
niat branches,78,798,9.77%,1.13
nait exam,78,682,11.44%,2.21
niat course,77,759,10.14%,1.7
niat syllabus,77,474,16.24%,1.59
niat college pune,71,1278,5.56%,1.11
niat hyderabad campus location,70,839,8.34%,1.17
nait college india,70,461,15.18%,1.09
niat college branches,69,924,7.47%,1.21
nxtwave niat,69,181,38.12%,1.09
nxtwave college,67,343,19.53%,1.45
nxtwave institute of technology,67,245,27.35%,1.45
niat result,65,134,48.51%,1.04
niat college bangalore,64,1108,5.78%,1.43
niat colleges,64,402,15.92%,1.07
niat last date to apply 2026,63,458,13.76%,1.03
niat test,63,235,26.81%,1.19
niat helpline number,63,110,57.27%,1.15
nextwave college,62,896,6.92%,1.71
niat application form 2026 last date,61,332,18.37%,1.04
nextwave institute of advance technology,61,315,19.37%,1.22
niat form,61,217,28.11%,1.07
https www niatindia com,61,106,57.55%,1
niat mangalore,60,888,6.76%,1.06
niat campuses,59,170,34.71%,2.84
niat nat exam date 2025,58,386,15.03%,1.13
nxtwave institute of advanced technologies: niat photos,57,1440,3.96%,2.85
nxtwave assessment test,57,277,20.58%,1.77
niat admission process,56,458,12.23%,1.15
niat next wave,56,236,23.73%,1.15
niat college chennai fees structure,54,1038,5.20%,1.27
niat college fee structure,53,1309,4.05%,1.98
niat university hyderabad,53,592,8.95%,1.55
about niat,53,483,10.97%,1.34
nxtwave of innovation in advanced technology,52,232,22.41%,1.31
niat slot booking,52,161,32.30%,1.76
nat college,49,678,7.23%,1.99
niat contact number,49,196,25%,1.81
nxtwave of innovation in advanced technologies: niat nanakramguda,48,2210,2.17%,1.23
niat pune fees,48,761,6.31%,1.07
niat college in tamilnadu,48,468,10.26%,1.06
niat scholarship,48,345,13.91%,1.24
niat college in bangalore fees structure,47,1068,4.40%,2.11
niat hyderabad entrance exam,47,264,17.80%,1.06
next wave of innovation in advanced technology,46,108,42.59%,1.19
nxt wave institute of advanced technologies,45,452,9.96%,1.22
niat institute,45,372,12.10%,1.25
nat exam niat,45,241,18.67%,1.15
nxtwave institute of advanced technologies (niat),45,238,18.91%,1.65
niat fees for 4 years btech,42,812,5.17%,1.82
what is niat college,42,644,6.52%,1.09
niat entrance exam date 2026 phase 2,42,336,12.50%,1.03
nat exam for niat,42,267,15.73%,1.38
niat fees structure,41,557,7.36%,2.03
niat bangalore campus,41,427,9.60%,1.31
niat entrance exam syllabus,41,400,10.25%,1.77
nxtwave institute of advanced technologies niat,41,331,12.39%,1.95
niat hyderabad highest package,40,743,5.38%,1.28
niat internship,40,152,26.32%,2.27
niat curriculum pdf,40,124,32.26%,2.26
niatindia com,40,61,65.57%,1
niat bangalore college,39,409,9.54%,1.18
niat brochure,39,108,36.11%,1.92
niat logo,38,1215,3.13%,1.89
niat colleges in india,38,615,6.18%,1.13
niat vizag,38,226,16.81%,1.03
niat sample paper,38,134,28.36%,1.89
niat nirf ranking,37,376,9.84%,1.26
niat courses,37,227,16.30%,1.15
niat registration last date,37,185,20%,1.89
n i a t,37,167,22.16%,1.18
niat collaboration college,37,100,37%,1.02
"niat x s-vyasa deemed-to-be university school of advanced studies - 
bengaluru",35,471,7.43%,2.23
next wave college,35,327,10.70%,1.46
niat vijayawada campus,35,300,11.67%,1.34
niat chennai campus,35,299,11.71%,1.43
niat.,35,130,26.92%,1.41
niat registration 2026,35,120,29.17%,1.04
niat bangalore fees,34,490,6.94%,1.78
niat admission,34,182,18.68%,1.05
nxtwave of innovation in advanced technologies,34,135,25.19%,1.1
what is niat exam,33,504,6.55%,1.44
niat kolhapur,33,349,9.46%,1.97
nxtwave assessment test (nat),33,123,26.83%,1.91
niat nat,33,120,27.50%,2.23
nxtwave exam,33,117,28.21%,1.8
when is niat entrance exam 2026,32,282,11.35%,1.08
niat college placement,31,490,6.33%,1.13
niat college vijayawada,31,414,7.49%,1.04
niat noida international university,31,221,14.03%,1.46
niat exam date 2025,31,150,20.67%,1.15
niat phase 2 exam date,30,161,18.63%,1.06
niat 2026,30,120,25%,1.23
niat pondicherry,30,106,28.30%,1.38
niat crescent college,30,95,31.58%,1.12
next wave institute of advanced technology fees,29,585,4.96%,2.24
niat branches in india,29,377,7.69%,1.38
next wave engineering college,29,265,10.94%,1.54
niat hyderabad gachibowli,29,227,12.78%,1.96
niat application last date,29,166,17.47%,1.67
aurora deemed university,28,3647,0.77%,5.04
about niat college,28,347,8.07%,1.07
niat coupon code 2026,28,339,8.26%,1.35
nxt wave institute of technology,28,214,13.08%,1.11
niat x vivekananda global university - jaipur seesyawas,28,206,13.59%,1.13
niat all campus,28,148,18.92%,1.08
niat entrance exam 2026,28,106,26.42%,1.26
next wave advanced technology,28,96,29.17%,1.01
niat scholarship details,27,243,11.11%,1.05
niat guntur,27,228,11.84%,1.04
niat collage,27,218,12.39%,1.88
niat hyd,27,202,13.37%,2.74
niat visakhapatnam,27,85,31.76%,1
niat institute of technology,26,216,12.04%,1.27
niat college courses,26,213,12.21%,1.2
niat exam application last date,26,194,13.40%,1.04
nxtwave admission test,26,84,30.95%,1.46
niat customer care,26,48,54.17%,1
niat average package cse,25,1427,1.75%,1.82
nat entrance exam,25,330,7.58%,4.02
niat delhi fees,25,295,8.47%,1.17
niat college coimbatore,25,205,12.20%,2.1
nxtwave university,25,120,20.83%,1.13
niat question paper,25,109,22.94%,1.23
nxtwave entrance exam,25,71,35.21%,1.18
nxt wave,24,4670,0.51%,7.78
niat college admission process,24,201,11.94%,1.21
nextwave university,24,90,26.67%,1.14
niat exam information,23,305,7.54%,1.1
niat coupon code,23,290,7.93%,1.4
niat fee structure pdf,23,248,9.27%,1.06
my niat,23,161,14.29%,3.2
national institute of advanced technology,23,104,22.12%,1.88
niat exam result,23,74,31.08%,1.12
niat previous year question paper,23,71,32.39%,1.45
niat fees structure for 4 years btech,22,510,4.31%,2.57
niat college in bangalore location,22,369,5.96%,1.29
niat college noida,22,244,9.02%,1.37
niat academy,22,95,23.16%,2
next wave school of technology,22,50,44%,1.8
niat ai bootcamp,22,40,55%,1.02
nait college in bangalore,21,269,7.81%,1.49
nxtwave college hyderabad,21,251,8.37%,1.84
niat main campus,21,214,9.81%,1.49
nxtwave institute of advanced technologies chennai,21,151,13.91%,1.16
niat student login,21,139,15.11%,2.16
niat tamil nadu,21,119,17.65%,1.26
nxt wave college,21,106,19.81%,1.36
niat india college,21,94,22.34%,1
niat online courses,21,82,25.61%,1.02
niat collaborated with which university,21,57,36.84%,1.14
niat tirupati,20,283,7.07%,1.16
niat hyderabad campus,20,282,7.09%,1.18
next wave university,20,213,9.39%,1.55
niat full form in nxtwave,20,205,9.76%,1.4
niat delhi campus,20,185,10.81%,1.55
niat exam 2026,20,128,15.62%,1.07
niat bhopal,20,110,18.18%,1.01
www niat india com,20,27,74.07%,1
niat meaning,19,448,4.24%,2.85
"niat x s-vyasa deemed-to-be university school of advanced studies - 
bengaluru photos",19,372,5.11%,2.4
niat chaitanya deemed to be university,19,99,19.19%,3.23
niat program,19,79,24.05%,1.24
nextwave,18,2875,0.63%,9.52
nxtwave bangalore,18,1007,1.79%,5.14
nxtwave of innovation in advanced technologies: niat photos,18,645,2.79%,3.13
niat means,18,544,3.31%,1.56
nat application,18,449,4.01%,2.57
niat photos,18,410,4.39%,2.15
niat college fees structure,18,396,4.55%,2.07
nait exam date 2026,18,296,6.08%,2.79
niat jaipur fees,18,214,8.41%,1.42
niat founders,18,191,9.42%,1.14
niat details,18,186,9.68%,1.2
niat registration date,18,108,16.67%,1.01
niat hyderabad entrance exam date,18,99,18.18%,1.03
niat in chennai,18,94,19.15%,1.09
nxt wave institute of advanced technology,18,90,20%,1.77
niat exam link,18,73,24.66%,1.07
niat syllabus pdf,18,61,29.51%,1.97
niat mock test papers,18,39,46.15%,1.21
niat hyderabad fees structure,17,479,3.55%,1.87
niat application fee,17,257,6.61%,1.61
niat college in mangalore,17,218,7.80%,1.14
niat exam pattern,17,190,8.95%,2.77
nxtwave institute of advanced technologies fees,17,183,9.29%,2.14
apply niatindia com,17,169,10.06%,1.98
niat college in chennai,17,157,10.83%,1.09
niat college delhi,17,151,11.26%,1.2
niat interview,17,105,16.19%,1.1
niat amet university,17,79,21.52%,1.04
www.niatindia.com,17,42,40.48%,1.02
niat hyderabad average package,16,924,1.73%,1.51
niat average package,16,551,2.90%,1.64
how to get admission in niat,16,224,7.14%,1.17
niat btech cse fees,16,193,8.29%,2.21
niat gachibowli,16,178,8.99%,1.89
niat course details,16,150,10.67%,1.07
niat college list,16,75,21.33%,1.16
niat btech,16,65,24.62%,1.02
niat kya hai,15,340,4.41%,1.56
nxtwave institute of advanced technologies niat photos,15,261,5.75%,2.71
nxtwave institute of advanced technologies bangalore,15,247,6.07%,1.38
niat interview questions,15,225,6.67%,1.55
niat hyderabad fee structure,15,179,8.38%,2.07
niat university branches,15,153,9.80%,1.03
niat portal login,15,142,10.56%,2.13
niat portal,15,130,11.54%,3.51
niat exam registration,15,103,14.56%,1.02
amet university,14,20557,0.07%,7.45
grit niat,14,544,2.57%,4.08
niat placement percentage,14,293,4.78%,1.42
niat college hyderabad fees payment,14,248,5.65%,1.12
next wave institute of advanced technology hyderabad,14,240,5.83%,2.39
nxtwave college fees,14,212,6.60%,3.7
nxtwave institute,14,207,6.76%,2.81
niat eligibility,14,176,7.95%,3.51
next wave college hyderabad,14,169,8.28%,1.22
niat chevella,14,162,8.64%,1.72
niat malla reddy university,14,136,10.29%,1.78
niat yenepoya university bangalore,14,101,13.86%,1.11
niat sharda university,14,95,14.74%,5.07
niat app,14,91,15.38%,2.2
nxtwave institute of advanced technologies pune,14,88,15.91%,2.44
nxtwave institute of advance technology,14,55,25.45%,1.18
nxtwave institute of advanced technologies: niat reviews,13,794,1.64%,7.88
niat location,13,383,3.39%,1.49
niat exam details,13,205,6.34%,1.28
niat college in hyderabad,13,155,8.39%,1.38
nat exam for niat college,13,140,9.29%,1.98
niat entrance exam date,13,139,9.35%,1.02
niat university bangalore,13,133,9.77%,1.14
niat noida fees,13,133,9.77%,1.27
niat vijayawada address,13,130,10%,1.17
niat application last date 2026,13,119,10.92%,1.07
services offered by nxtwave institute of advanced technologies: niat,13,114,11.40%,2.38
niat hyderabad admission process,13,87,14.94%,1.15
niat tie up colleges,13,71,18.31%,1.08
niat phase 2,13,64,20.31%,1.61
niat?,13,62,20.97%,1.13
nextwave of innovation in advanced technology,13,27,48.15%,1
niat launchpad,13,23,56.52%,1.39
niat customer care number,13,21,61.90%,1
next wave hyderabad,12,1958,0.61%,8.01
niat college highest package,12,430,2.79%,1.67
niat clg,12,256,4.69%,1.56
niat exam fees,12,249,4.82%,1.17
niat packages,12,177,6.78%,1.04
niat nanakramguda hyderabad,12,159,7.55%,1.57
nextwave institute hyderabad,12,150,8%,1.44
nat application form 2026,12,148,8.11%,1.86
next wave institute of advanced technology pune,12,139,8.63%,1.17
nxtwave institute of advanced technology fees,12,84,14.29%,1.98
niat maharashtra,12,73,16.44%,1.05
nait application,12,73,16.44%,9.05
niat exam model paper,12,72,16.67%,2.08
niat in tamil nadu,12,71,16.90%,1.11
niat apply,12,65,18.46%,1.46
nextwave institute of technology,12,57,21.05%,1.44
nextwave institute of advanced technologies hyderabad,12,54,22.22%,2
niaat,12,46,26.09%,1.35
niat result 2026,12,35,34.29%,1
nait pune,12,33,36.36%,1
noida international university,11,8520,0.13%,8.59
nait college,11,924,1.19%,4.41
niat pune average package,11,401,2.74%,2.85
niat btech fees,11,209,5.26%,1.72
niat ranking in india,11,181,6.08%,1.18
niat in hyderabad,11,161,6.83%,1.07
niat meaning in tamil,11,151,7.28%,1.93
next wave institute of technology bangalore,11,150,7.33%,1.13
niat college nirf ranking,11,141,7.80%,1.4
niat placement,11,127,8.66%,1.6
niat college in vizag,11,98,11.22%,1.14
niat courses offered,11,87,12.64%,1.44
niat hyderabad courses,11,86,12.79%,2
niat colleges in bangalore,11,86,12.79%,2.76
niat bootcamp,11,78,14.10%,1.1
niat college details,11,77,14.29%,1.29
nait college in india,11,74,14.86%,1.12
nxt college,11,68,16.18%,1.74
nxtwave engineering college,11,65,16.92%,1.4
niat next wave institute of advanced technology,11,55,20%,1.98
nat niat,11,50,22%,4.64
nxtwave campus,11,42,26.19%,1.17
niat results 2025,11,41,26.83%,1.22
nxtwave exam date 2026,11,15,73.33%,1.6
nsrit,10,12329,0.08%,8.49
nxtwave hyderabad,10,1244,0.80%,8.86
niat pune campus,10,208,4.81%,1.64
niat established year,10,163,6.13%,2.34
niat college full form,10,117,8.55%,1.38
niat exam registration date 2026,10,70,14.29%,1.06
niat login portal,10,64,15.62%,2.22
niat nxt wave,10,17,58.82%,1.18
nxtwave login,9,15414,0.06%,8.7
sanjay ghodawat university kolhapur,9,2483,0.36%,10.67
nxtwave pune,9,699,1.29%,3.46
st mary's rehabilitation university hyderabad,9,673,1.34%,4.19
niat college pune fees,9,259,3.47%,1.14
yes,9,242,3.72%,1.87
nxtwave vijayawada,9,242,3.72%,2.17
niat hyderabad location,9,230,3.91%,1.72
niat information,9,142,6.34%,1.52
niat college mangalore,9,134,6.72%,1.17
niat college in karnataka,9,127,7.09%,1.08
nat colleges,9,115,7.83%,4.06
niat nxtwave institute of advanced technologies,9,108,8.33%,2.53
niat campus hyderabad,9,97,9.28%,1.47
next way institute of advanced technology,9,96,9.38%,1.16
niat nat exam syllabus,9,94,9.57%,1.51
niat college campus,9,94,9.57%,1.7
niat exam india,9,87,10.34%,1.02
niat engineering college bangalore,9,86,10.47%,1.31
niat campus bangalore,9,77,11.69%,1.36
niat entrance exam application last date,9,72,12.50%,1.06
niat malla reddy,9,72,12.50%,1.94
niat hyderabad branches,9,71,12.68%,1.15
niat university chennai,9,68,13.24%,1
niat career,9,56,16.07%,6.43
nniat,9,47,19.15%,1.15
niat universities,9,39,23.08%,1.08
niat collages,9,26,34.62%,1.77
chaitanya deemed to be university,8,12560,0.06%,6.29
niat hyderabad fees for 4 years btech,8,210,3.81%,3.06
niat highest package 2025,8,201,3.98%,1.46
niat learning portal,8,191,4.19%,1.76
new gen colleges in india,8,178,4.49%,4.89
niat vijayawada fee structure,8,146,5.48%,1.42
niat campus in india,8,141,5.67%,1.65
niat best campus,8,129,6.20%,2.03
niat fees for btech cse,8,111,7.21%,4.81
annamacharya university collaborating with niat - rajampet,8,103,7.77%,1.36
niat hyderabad placements,8,101,7.92%,2.32
niat college information,8,100,8%,2.62
niat exam last date to apply,8,99,8.08%,1.09
niat branches in hyderabad,8,97,8.25%,2.84
"nxtwave institute of advanced technologies, hyderabad",8,90,8.89%,1.22
niat college exam date,8,87,9.20%,1.01
niat s vyasa university,8,87,9.20%,1.31
niat college location in india,8,84,9.52%,1.36
niat x ajeenkya dy patil university - pune photos,8,79,10.13%,1.81
niat andhra pradesh,8,78,10.26%,1.08
niat college branches in india,8,77,10.39%,1.17
niat chennai college,8,73,10.96%,1.01
what is niat application,8,71,11.27%,1
niat logo download,8,71,11.27%,1.42
nxtwave institute of advanced technology bangalore,8,71,11.27%,1.72
niat is affiliated to which university,8,68,11.76%,1.07
niat top colleges,8,65,12.31%,1.09
niat company,8,65,12.31%,1.54
niat registration fees,8,62,12.90%,1.05
nextwave engineering college,8,59,13.56%,1.39
niat mumbai,8,58,13.79%,1.1
s vyasa niat,8,54,14.81%,1.57
niat bengaluru,8,53,15.09%,1.21
niat certification,8,50,16%,1.5
nait bangalore,8,46,17.39%,1.28
niat mangalore campus,8,44,18.18%,1.23
nait hyderabad,8,43,18.60%,1.19
niat exam paper,8,40,20%,1.9
niat aurora university,8,39,20.51%,1.05
next wave institute of advanced technologies,8,34,23.53%,2.03
niat results,8,20,40%,1
niat grit,7,560,1.25%,4.11
where is niat college located,7,277,2.53%,1.21
next wave institute,7,269,2.60%,3.91
full form of niat,7,217,3.23%,1.35
niat is government or private,7,157,4.46%,1.1
niat college in india,7,132,5.30%,1.21
my niat app,7,112,6.25%,3.51
nat universities,7,109,6.42%,6.81
niat founder,7,100,7%,3.78
niat placement rate,7,96,7.29%,1.99
when was niat established,7,92,7.61%,1.47
niat aurora,7,91,7.69%,1.12
niat application form 2025 last date,7,80,8.75%,1.09
niat hyderabad college,7,80,8.75%,1.1
niat cdu,7,77,9.09%,2.4
niat pune college,7,71,9.86%,1.2
nxtwave registration,7,71,9.86%,3.48
next wave engineering college hyderabad,7,67,10.45%,1.19
nxt wave university,7,64,10.94%,1.11
what is mean by niat,7,60,11.67%,1.12
niat qualification,7,57,12.28%,2.93
niat joy university,7,55,12.73%,4.13
niat college chennai location map,7,54,12.96%,1.02
niat noida international university fees,7,50,14%,1.68
niat exam application last date 2026,7,44,15.91%,1.16
niat exam dates,7,44,15.91%,1.25
niat colleges list,7,42,16.67%,1
niat niu,7,36,19.44%,1.08
niat exam question paper,7,35,20%,2.14
nxt wave niat,7,32,21.88%,1
niat fee payment,7,23,30.43%,1.04
nait nat,7,12,58.33%,1.75
annamacharya university,6,8352,0.07%,7.07
aurora university hyderabad,6,2326,0.26%,7.21
sgu kolhapur,6,852,0.70%,7.92
new age colleges in india,6,408,1.47%,6.9
"nxtwave institute of advanced technologies: niat, financial district, 
nanakramguda, telangana 500032",6,235,2.55%,1.28
niat cse average package,6,205,2.93%,1.85
niat pune highest package,6,151,3.97%,1.34
niat started in which year,6,150,4%,1.45
niat mangalore fees,6,133,4.51%,1.53
niat college in bangalore address,6,129,4.65%,1.45
where is niat college,6,114,5.26%,1.44
niat entrance exam fee,6,113,5.31%,1.09
niat chennai location,6,96,6.25%,4.19
niat hyderabad fee scholarship,6,95,6.32%,1.07
nxtwave jaipur,6,94,6.38%,1.53
niat in bangalore,6,92,6.52%,1.54
niat engineering college hyderabad,6,82,7.32%,1.04
is niat a university,6,82,7.32%,1.21
niat gachibowli hyderabad,6,81,7.41%,1.05
niat university vijayawada,6,79,7.59%,1.18
how many niat colleges in india,6,75,8%,1.11
niat colleges in hyderabad,6,74,8.11%,1.08
niat exam coupon code,6,68,8.82%,1.37
how to join niat,6,63,9.52%,1
niat cdu campus,6,62,9.68%,1.02
nxtwave institute of advanced technologies courses,6,56,10.71%,4.12
next wave university hyderabad,6,53,11.32%,1.09
niat exams,6,53,11.32%,1.15
niat exam login,6,52,11.54%,2.1
niat pyq,6,49,12.24%,2.22
niat exam syllabus 2026,6,48,12.50%,1.75
malla reddy university niat,6,45,13.33%,1.29
nxtwave btech college,6,43,13.95%,1.28
niat wikipedia,6,43,13.95%,1.86
is niat a btech college,6,41,14.63%,1.05
niat exam date 2026 phase 2,6,41,14.63%,1.15
next wave niat,6,38,15.79%,1.05
niat college chennai address,6,35,17.14%,1.2
niat college exam,6,34,17.65%,1.03
niat vizag location,6,23,26.09%,1.3
niat entrance,6,22,27.27%,1
nita exam booking,6,18,33.33%,7.61
sanjay ghodawat university,5,3481,0.14%,11.29
takshashila university chennai,5,1222,0.41%,2.43
niat reviews,5,1156,0.43%,8.88
nat exam india,5,968,0.52%,6.03
what is nat exam,5,722,0.69%,3.68
niat college in bangalore highest package,5,313,1.60%,2.08
nita exam,5,133,3.76%,8.83
nextwave technologies,5,131,3.82%,17.97
nextwave institute,5,121,4.13%,4.45
niat college india,5,110,4.55%,1.1
niat full form in computer,5,106,4.72%,1.3
nxtwave noida,5,95,5.26%,2.52
nxtwave exam pattern,5,94,5.32%,4.95
niat nirf ranking 2025,5,93,5.38%,4.61
nxtwave institute of advanced technologies hyderabad,5,83,6.02%,1.72
niat vijayawada highest package,5,78,6.41%,1.12
niat college chennai placement,5,76,6.58%,1.29
niat students,5,75,6.67%,1.84
niat exam uses,5,68,7.35%,1.04
nat application form,5,68,7.35%,2.62
niat bhubaneswar,5,68,7.35%,3.41
nxtwave of innovation in advanced technologies: niat,5,66,7.58%,1.23
services offered by niat,5,62,8.06%,1.1
nat exam application,5,61,8.20%,3.61
niat college bangalore location,5,60,8.33%,1.28
niat institute hyderabad,5,59,8.47%,1.12
niat ranking,5,57,8.77%,1.25
niat admission last date,5,51,9.80%,1.02
niat is college or university,5,50,10%,1.22
niat hydrabad,5,48,10.42%,1.19
niat online exam,5,46,10.87%,1.04
all about niat,5,46,10.87%,1.09
niat campus in hyderabad,5,44,11.36%,1.16
niat vijayawada campus address,5,43,11.63%,1.05
nait college application,5,43,11.63%,2.98
niat college location in chennai,5,41,12.20%,1.05
niat student portal,5,39,12.82%,2.51
niat entrance exam last date,5,31,16.13%,1.87
niat affiliated to which university,5,20,25%,1.05
niat.com,5,12,41.67%,1
nait website,5,12,41.67%,8.42
takshashila university,4,5292,0.08%,6.81
adypu,4,2061,0.19%,8.02
chaitanya (deemed to be university),4,1206,0.33%,6.2
scope global skills university,4,671,0.60%,8.48
next wave,4,624,0.64%,7.9
nxtwave courses,4,494,0.81%,6.15
is niat a good college,4,475,0.84%,4.77
aurora deemed to be university,4,374,1.07%,5.53
nri university vijayawada,4,357,1.12%,6.31
niat college average package,4,338,1.18%,2.7
niat is good or bad,4,183,2.19%,3.03
niat is fake or real,4,156,2.56%,1.74
about niat exam,4,126,3.17%,1.29
nait login,4,126,3.17%,25.09
niat hyderabad fee structure for cse,4,123,3.25%,3.75
niat college hyderabad reviews,4,116,3.45%,6.68
niat hyderabad fees,4,112,3.57%,1.46
noida international university collaborating with niat - delhi nodia,4,107,3.74%,1.01
niat college jaipur,4,101,3.96%,1.23
niat delhi average package,4,98,4.08%,1.1
niat bangalore fee structure,4,97,4.12%,1.89
nat application form 2025,4,97,4.12%,6.48
niat college is government or private,4,95,4.21%,1.08
niat course fees,4,88,4.55%,1.64
niat delhi btech cse fees,4,88,4.55%,2.09
niat college hyderabad location,4,84,4.76%,1.31
niat college packages,4,80,5%,1.11
nxt wave courses,4,71,5.63%,5.27
niat address,4,65,6.15%,4.22
how to join niat college,4,63,6.35%,1.02
niat near me,4,63,6.35%,1.84
nxt wave institute,4,61,6.56%,1.69
niat hyderabad (chevella campus),4,59,6.78%,1.56
niat logo png,4,59,6.78%,1.68
niat college in bangalore campus,4,55,7.27%,1.33
niat bits hyderabad,4,54,7.41%,1.04
niat admission fees,4,49,8.16%,4.35
about nxtwave institute of advanced technologies,4,48,8.33%,1.1
niat seat reservation fee,4,47,8.51%,1.57
what is the full form of niat,4,46,8.70%,1.2
niat in,4,44,9.09%,2.18
niat pune fees structure,4,41,9.76%,1.22
niat college eligibility criteria,4,40,10%,1.12
niat college how to get admission,4,37,10.81%,1
niat takshashila university,4,35,11.43%,1
niat ap,4,35,11.43%,1.14
niat office,4,33,12.12%,3.21
nat 2026 registration,4,31,12.90%,1
niat yenepoya university mangalore,4,26,15.38%,1.04
nat,4,26,15.38%,2.38
niat test date,4,25,16%,1.04
niat college scholarships,4,24,16.67%,1
nait university india,4,22,18.18%,1
nxtwave admission counselling test,4,22,18.18%,2
niat .com,4,20,20%,1.7
nxtwave engineering college hyderabad,4,18,22.22%,1.5
how to apply for nat exam,4,18,22.22%,2.61
niat buildathon,4,11,36.36%,2.91
nxtwave btech,4,9,44.44%,1.11
amet,3,6274,0.05%,9.45
chaitanya deemed to be university hyderabad,3,6250,0.05%,5.38
joy university,3,3340,0.09%,6.34
amet university chennai,3,2994,0.10%,9
chaitanya deemed university hyderabad,3,648,0.46%,5.11
b.s abdur rahman university,3,500,0.60%,8.17
"aurora deemed university, bhongir",3,423,0.71%,6.18
next wave login,3,366,0.82%,9.08
niat computer education,3,329,0.91%,10.65
b. s. abdur rahman crescent institute of science and technology,3,291,1.03%,6.57
nextwave courses list,3,248,1.21%,5.6
nita college,3,217,1.38%,5.62
niat highest package cse,3,174,1.72%,1.57
aurora deemed university hyderabad,3,164,1.83%,4.72
niat is best or not,3,150,2%,1.59
niat college placement percentage,3,125,2.40%,1.06
nxtwave noida office,3,114,2.63%,6.88
nxtwave technologies,3,101,2.97%,11.48
new wave institute of technology,3,100,3%,3.62
new gen colleges,3,96,3.12%,3.48
nat exam for engineering,3,90,3.33%,2.5
new age colleges,3,90,3.33%,5.38
next wave institute of advanced technology highest package,3,84,3.57%,1.36
niat main branch,3,81,3.70%,1.3
niat hyderabad address,3,78,3.85%,1.44
niat college location,3,68,4.41%,6.31
niat hyderabad established year,3,67,4.48%,1.63
fees of niat,3,65,4.62%,1.29
s-vyasa deemed to be university school of advanced studies,3,65,4.62%,7.51
niat ceo,3,59,5.08%,1.59
niat bangalore location,3,58,5.17%,1.31
coupon code for niat,3,58,5.17%,1.57
niat india fees,3,57,5.26%,6.61
niat college government or private,3,56,5.36%,1.05
nait registration,3,54,5.56%,13.2
niat scholarship exam,3,51,5.88%,1
nat exam college,3,51,5.88%,2.57
nat slots,3,50,6%,4.34
niat registration date 2026,3,49,6.12%,1.06
niat financial district,3,48,6.25%,1.52
apply.niatindia.com,3,48,6.25%,2
nat registration form,3,47,6.38%,1.6
is niat a government college,3,46,6.52%,1.09
nxtwave hyderabad college,3,46,6.52%,1.67
next gen colleges in india,3,43,6.98%,4.02
niat test syllabus,3,42,7.14%,1.1
niat college in coimbatore,3,41,7.32%,1
niat about,3,41,7.32%,1.56
gachibowli engineering colleges,3,39,7.69%,9.97
niat form last date 2026,3,38,7.89%,1.16
what is niat hyderabad,3,37,8.11%,1.03
when is niat entrance exam 2025,3,37,8.11%,1.03
niat ?,3,36,8.33%,1.17
niat nat exam date 2026 phase 2,3,34,8.82%,1.26
next wave of technology,3,34,8.82%,5.68
niat fee structure for cse,3,33,9.09%,2.12
niat nxtwave fee structure,3,33,9.09%,3.15
nxtwave assessment test sample,3,33,9.09%,5.18
how to apply for niat,3,32,9.38%,1
"nxtwave institute of advanced technologies, bangalore",3,32,9.38%,1.31
niat college chennai fees,3,30,10%,1.23
niat college ranking,3,30,10%,2.87
what is niat india,3,29,10.34%,4.24
nxtwave assessment test questions,3,29,10.34%,6.9
nxtwave institute of advanced technologies ranking,3,27,11.11%,2.04
nat exam apply,3,27,11.11%,4.67
next wave institute of advanced technology location,3,26,11.54%,1.65
niat annamacharya university,3,25,12%,1.04
nextway college,3,25,12%,1.6
niat pdf,3,23,13.04%,8.7
nxt university,3,22,13.64%,3.82
niat greater noida,3,21,14.29%,1.14
niat amet,3,21,14.29%,3.76
niat college admission,3,20,15%,1
what is niat course,3,20,15%,1.05
niat makers conclave,3,17,17.65%,3.18
niat fee structure hyderabad,3,15,20%,2.07
niat hyderabad nirf ranking,3,13,23.08%,1.08
nxtwave niat hyderabad,3,13,23.08%,1.15
niat college in mysore,3,12,25%,1.17
instructor platform niat,3,11,27.27%,1
next wave technologies college,3,11,27.27%,1.27
niat application form 2025,3,9,33.33%,1
nait scholarship,3,9,33.33%,23.33
niat nextwave,3,8,37.50%,1
nat mock test,3,8,37.50%,4
niat engineering college chennai,3,6,50%,1
niat webinar,3,6,50%,1.83
vgu jaipur,2,3151,0.06%,1.77
chaitanya university hyderabad,2,2947,0.07%,4.42
bs abdur rahman university,2,2780,0.07%,8.6
thakshila university,2,1475,0.14%,7.65
nri college vijayawada,2,1041,0.19%,9.4
st mary's rehabilitation university,2,485,0.41%,5.03
malla reddy vishwavidyapeeth,2,481,0.42%,8.48
st marys rehabilitation university,2,376,0.53%,6.27
nat registration,2,292,0.68%,7.95
niat hyderabad average package cse,2,290,0.69%,2.84
is niat a good college for btech,2,288,0.69%,3.77
svyasa school of advanced studies,2,228,0.88%,6.84
niat college hyderabad fees,2,214,0.93%,2.38
niat ccbp,2,204,0.98%,2.77
chaitanya university hyderabad location,2,201,1%,1.99
next wave institute hyderabad,2,191,1.05%,2.9
niat is private or government,2,147,1.36%,1.78
nat form,2,147,1.36%,4.94
niat jaipur campus,2,143,1.40%,1.02
niat college in maharashtra,2,122,1.64%,1.1
niat college fee,2,107,1.87%,2.54
nxtwave app download,2,107,1.87%,8.23
what is nat exam in india,2,105,1.90%,3.69
niat exam full form,2,100,2%,1.13
niat college in bangalore reviews,2,94,2.13%,7.64
nxtwave official website,2,92,2.17%,6.59
does niat provide btech degree,2,89,2.25%,1.07
niat x ajeenkya dy patil university - pune,2,86,2.33%,1.1
niat exam fee,2,83,2.41%,2.1
highest package in niat hyderabad,2,82,2.44%,1.35
nxtwave free courses,2,81,2.47%,7.42
niat private or government,2,75,2.67%,1.19
st mary's rehabilitation university location,2,73,2.74%,1.89
nat india,2,72,2.78%,7.74
is niat a college,2,69,2.90%,1.04
what is niat?,2,68,2.94%,2.9
niat x yenepoya university - mangalore photos,2,67,2.99%,3.24
niat kolhapur fees,2,65,3.08%,1.38
ai bootcamp,2,65,3.08%,9.63
ai bootcamp for students,2,63,3.17%,2.59
how to get into niat,2,62,3.23%,2.03
nxtwave online courses,2,61,3.28%,5.1
niat mrv,2,59,3.39%,4.41
niat abbreviation,2,58,3.45%,2.17
nat exam date 2026,2,57,3.51%,7.61
niat college in bangalore location map,2,56,3.57%,1.38
niatian,2,56,3.57%,1.93
nxtwave university hyderabad,2,54,3.70%,2.59
niat university fees,2,50,4%,2.92
next wave institute of advanced technology average package,2,49,4.08%,3.61
niat hyderabad nirf ranking 2025,2,48,4.17%,4.77
nait delhi,2,47,4.26%,4.53
nxtwave offline courses,2,47,4.26%,8.34
nxtwave application,2,46,4.35%,5.28
niat last date to apply 2025,2,45,4.44%,1.96
st mary university hyderabad,2,43,4.65%,5.67
niats,2,42,4.76%,2.79
next wave technologies,2,42,4.76%,20.05
niat kanyakumari,2,41,4.88%,1.15
when niat established,2,41,4.88%,1.8
nat university,2,41,4.88%,1.85
niat college is private or government,2,40,5%,1.05
nxtwave institute of advanced technologies fees structure,2,40,5%,2.7
nxtwave college chennai,2,40,5%,5.33
nait sign in,2,40,5%,12.2
niat btech college,2,39,5.13%,1
niat college chennai courses,2,39,5.13%,1.05
niat rajampet,2,37,5.41%,1.05
niat college hyderabad highest package,2,37,5.41%,1.57
niat exam online or offline,2,37,5.41%,2.73
niat colleges in ap,2,36,5.56%,1.08
niat btech cse average package,2,36,5.56%,3.14
nxtwave online assessment,2,35,5.71%,8.69
niat coimbatore,2,34,5.88%,5
exam date,2,33,6.06%,1.91
nxtwave institute hyderabad,2,33,6.06%,4.06
niat nri vijayawada,2,31,6.45%,1.1
niat coupon code 2025,2,30,6.67%,1.93
which niat campus is best,2,29,6.90%,1.14
nat exam syllabus,2,29,6.90%,12.17
niat anantapur,2,28,7.14%,1.07
nait apply,2,28,7.14%,12.21
niat university hyderabad fees,2,27,7.41%,1.26
next wave hyderabad college,2,27,7.41%,1.41
niat exam is for what purpose,2,26,7.69%,1.04
niat college pondicherry,2,26,7.69%,1.23
whats niat,2,25,8%,2.64
niat training,2,25,8%,5
about niat hyderabad,2,24,8.33%,1
next wave exam,2,24,8.33%,1.71
institute of advanced technologies,2,24,8.33%,6.33
niat chevella campus hyderabad,2,23,8.70%,1.43
"nxtwave institute of advanced technologies niat financial district 
nanakramguda telangana",2,22,9.09%,1
what is niat nxtwave,2,22,9.09%,1.09
niat images,2,22,9.09%,2.36
next wave btech college,2,22,9.09%,3.5
openai collaboration with nxtwave,2,22,9.09%,6.82
nait program,2,22,9.09%,11.77
niat stands for,2,21,9.52%,1.48
nat syllabus,2,21,9.52%,20.24
niat what is it,2,20,10%,1.2
niat guntur campus,2,20,10%,1.55
next wave college in hyderabad,2,20,10%,2
niat placements highest package,2,19,10.53%,1.68
nait entrance exam,2,19,10.53%,4.32
niat jobs,2,18,11.11%,2.72
nat admission,2,18,11.11%,5.39
niat adypu,2,18,11.11%,11.22
syllabus,2,17,11.76%,1.18
niat university fee structure,2,17,11.76%,1.24
niat exam for which college,2,16,12.50%,1.06
nxtwave clg,2,15,13.33%,2.47
niat campus tour,2,15,13.33%,5.27
niat entrance exam date 2025,2,14,14.29%,1
niat paper,2,14,14.29%,1
niat syllabus 2026,2,14,14.29%,1.21
niat a,2,13,15.38%,1.38
apply for nat,2,13,15.38%,1.46
niat telangana,2,12,16.67%,1
niat exam last date,2,12,16.67%,1.25
nait college chennai,2,12,16.67%,1.42
nxtwave buildathon,2,12,16.67%,9.42
how to get seat in niat,2,11,18.18%,1
niat (nxtwave institute of advanced technologies),2,11,18.18%,1.27
niat karnataka,2,11,18.18%,1.55
next wave institute of advanced technology fee structure,2,11,18.18%,6
hyderabad niat,2,10,20%,1.2
niat hyderbad,2,9,22.22%,1.11
niat kolhapur campus,2,9,22.22%,1.11
nait ai,2,9,22.22%,6.33
nxtwave data science,2,9,22.22%,10.11
niat nxtwave bangalore,2,8,25%,1
nxtwave engineering college fees structure,2,8,25%,3.25
niat college bhopal,2,7,28.57%,1
niat what is this,2,7,28.57%,1
noida international university niat,2,7,28.57%,1.14
niat exam date phase 2,2,7,28.57%,1.43
cdu niat,2,6,33.33%,1
niat banglore campus,2,6,33.33%,1
nxt wave campus,2,6,33.33%,2.5
niat results 2026,2,5,40%,1
niat tirupati campus,2,3,66.67%,1
nait.com,2,2,100%,6
ceo courses in india,2,2,100%,35
chaitanya university,1,1388,0.07%,3.7
noida university,1,1210,0.08%,6.36
nxtwave chennai,1,892,0.11%,3.25
ciet guntur,1,851,0.12%,8.29
aurora university hyderabad uppal,1,752,0.13%,1.54
amet university full form,1,655,0.15%,5.41
st mary rehabilitation university,1,556,0.18%,5.52
nextwave login,1,488,0.20%,8.84
bs abdur rahman,1,454,0.22%,10.79
niay,1,445,0.22%,3.31
nxt wave login,1,402,0.25%,9.03
aurora deemed university photos,1,400,0.25%,5
nadimpalli satyanarayana raju institute of technology,1,392,0.26%,7.54
amet chennai,1,334,0.30%,8.98
nat academy,1,327,0.31%,7.72
b.s. abdur rahman crescent institute of science and technology,1,320,0.31%,5.05
smru hyderabad,1,315,0.32%,4.62
st. mary's rehabilitation university,1,307,0.33%,4.87
aurora university bhongir,1,306,0.33%,7.76
"aurora university, hyderabad",1,240,0.42%,6.57
annamayya university,1,237,0.42%,7.11
nri engineering college vijayawada,1,231,0.43%,11.6
aurora deemed to be university hyderabad,1,228,0.44%,4.18
nri vijayawada,1,222,0.45%,9.39
niu noida,1,213,0.47%,12.73
adypu pune,1,208,0.48%,11.21
nadimpalli satyanarayana raju,1,204,0.49%,9.5
nextwave courses fees,1,203,0.49%,10.73
niat college review,1,198,0.51%,4.55
nat test,1,196,0.51%,37.56
nxt wave technologies,1,191,0.52%,6.46
niat college is good or bad,1,189,0.53%,3.85
niat jaipur average package cse,1,182,0.55%,3.27
takshila university chennai,1,182,0.55%,4.29
nai t,1,180,0.56%,2.83
niat review,1,179,0.56%,7.02
niat meaning in english,1,172,0.58%,6.54
institute of advanced technology,1,152,0.66%,6.99
cdu hyderabad location,1,151,0.66%,3.48
sanjay ghodawat college of engineering kolhapur,1,145,0.69%,10.23
shreyas pandey,1,141,0.71%,6.06
nxtwave bangalore address,1,132,0.76%,7.84
nxt wave chennai,1,131,0.76%,3.16
ajinkya dy patil university,1,126,0.79%,13.85
nxtwave website,1,116,0.86%,6.68
nxtwave institute of advanced technologies reviews,1,114,0.88%,7.23
niat x vivekananda global university - jaipur seesyawas reviews,1,113,0.88%,3.76
next way,1,111,0.90%,7.86
na t,1,111,0.90%,7.96
st peter's institute of higher education and research bangalore,1,111,0.90%,9.05
aurora deemed university uppal,1,110,0.91%,6.52
nxtwave vijayawada address,1,104,0.96%,3.19
where is niat,1,103,0.97%,1.59
b. s. abdur rahman,1,103,0.97%,11.18
nait university,1,100,1%,11.27
s vyasa school of advanced studies,1,97,1.03%,5.28
best university anantapur,1,97,1.03%,6.25
niat college where is it located,1,94,1.06%,1.15
"aurora deemed university, bhongir photos",1,93,1.08%,8.14
niat fee for 4 years btech,1,92,1.09%,2.12
niat college btech fees,1,89,1.12%,2.09
niat hyderabad highest package cse,1,88,1.14%,1.27
next wave nanakramguda,1,86,1.16%,5.74
nxtwave bangalore office,1,86,1.16%,9.87
vivekananda global university jaipur address,1,85,1.18%,4.54
nri college in vijayawada,1,84,1.19%,9.6
what is nat application,1,83,1.20%,2.14
sanjay university,1,82,1.22%,11.89
nxtwave disruptive technologies,1,82,1.22%,16.76
nat registration 2026,1,80,1.25%,2.99
niit hyderabad gachibowli,1,80,1.25%,9.09
niat government or private,1,78,1.28%,1.15
what is nat exam india,1,78,1.28%,3.35
nait college fees,1,76,1.32%,9.39
niat in english,1,76,1.32%,10.91
nait portal,1,75,1.33%,23.05
malla reddy vidyapeeth,1,71,1.41%,8.8
abdul rahman college chennai,1,70,1.43%,4.16
open ai niat,1,67,1.49%,3.07
nxtwave disruptive technologies private limited,1,67,1.49%,34.4
niat anantapur experience center,1,66,1.52%,1.59
nri btech college vijayawada,1,65,1.54%,9.05
ghodawat university kolhapur,1,65,1.54%,10.22
s vyasa university bangalore,1,65,1.54%,11.4
chaitanya deemed to be university hyderabad address,1,64,1.56%,1.73
fees of niat college,1,63,1.59%,2.49
nxtwave data science course,1,63,1.59%,8.79
nxtwave institute of advanced technologies: niat by owner,1,61,1.64%,1.93
nxtwave india,1,59,1.69%,7.51
b.s. abdur rahman crescent institute of science & technology,1,59,1.69%,7.59
nat exam registration,1,59,1.69%,11.42
nat exam registration 2026,1,56,1.79%,1.68
crescent university chennai address,1,55,1.82%,7.82
nat exam in india,1,53,1.89%,4.3
national advanced technical training institute,1,53,1.89%,6.08
ccbp full form,1,52,1.92%,11.38
vgu jaipur campus area,1,51,1.96%,6.27
malla reddy university,1,51,1.96%,39.82
niat college is best or not,1,50,2%,1.74
fee structure of niat,1,50,2%,1.92
niat avg package,1,50,2%,1.96
niat college fee structure for cse,1,47,2.13%,2.64
next way hyderabad,1,47,2.13%,2.77
is niat good,1,47,2.13%,4.53
abdul rahman college,1,47,2.13%,7.6
nat exams,1,46,2.17%,3.52
mallareddy vidyapeeth,1,46,2.17%,8.61
nxtwave wikipedia,1,46,2.17%,10.11
niat hostel,1,45,2.22%,2.16
highest package of niat,1,45,2.22%,2.82
nait institute,1,44,2.27%,6.27
niat hyderabad cse average package,1,42,2.38%,1.57
new age engineering colleges in india,1,42,2.38%,9.07
malla reddy vishwavidyapeeth - technical campus,1,40,2.50%,9.53
fees,1,39,2.56%,1.36
nxt wave pune,1,38,2.63%,7.66
next wave institute of advanced technology bangalore,1,37,2.70%,1.16
niat where is it located,1,37,2.70%,1.32
abdul rahman crescent institute of science and technology,1,37,2.70%,3.62
institute of advance technology,1,37,2.70%,5.51
is niat government or private,1,36,2.78%,1.06
natinscomplt,1,36,2.78%,1.08
niat college hyderabad address,1,36,2.78%,1.67
st peter's university bangalore,1,36,2.78%,9.89
best niat campus in india,1,35,2.86%,1.09
indian institute of advanced technology,1,35,2.86%,5.6
niit college hyderabad,1,35,2.86%,8.37
nia verma,1,35,2.86%,44.71
niat college hyderabad campus,1,34,2.94%,1.38
nxtwave institute of advanced technologies location,1,34,2.94%,1.74
nxtwave placements,1,34,2.94%,12.74
nait student login,1,33,3.03%,16.91
nxtwave institute of advanced technologies average package,1,32,3.12%,1.81
niat x nri university - vijayawada photos,1,32,3.12%,2.72
allard university,1,32,3.12%,2.97
nat paper,1,32,3.12%,6.25
scope skill university bhopal,1,31,3.23%,7.97
nait btech,1,31,3.23%,11.87
nxtwave delhi,1,30,3.33%,1.9
niat fees structure for 4 years btech with hostel,1,30,3.33%,4.07
how to get admission in niat college,1,29,3.45%,1
niat is real or fake,1,29,3.45%,1.97
nat exam engineering,1,29,3.45%,3.59
amet uni,1,29,3.45%,6.21
crescent engineering college,1,29,3.45%,29.17
aicte,1,29,3.45%,66.14
niat meaning in telugu,1,28,3.57%,1.25
nxtwave offline,1,28,3.57%,7.43
nxtwave interview questions,1,28,3.57%,23.71
what is the use of niat exam,1,27,3.70%,1.07
phase 2,1,27,3.70%,1.67
nait college location in india,1,27,3.70%,2.22
niat college tirupati,1,27,3.70%,8.67
how to get into niat college,1,26,3.85%,1.04
niat cse fees,1,26,3.85%,1.85
niat aurora campus,1,25,4%,1.16
niat vijayawada fee,1,25,4%,1.16
nxtwave of innovation in advanced technologies: niat nanakramguda photos,1,25,4%,1.96
nat test registration,1,25,4%,29.52
wave college,1,24,4.17%,2.75
nait fees,1,24,4.17%,8.67
niat nxtwave fees,1,23,4.35%,1.13
next wave clg,1,23,4.35%,1.43
niat college started in which year,1,23,4.35%,1.48